{
  "F10": {
    "baseline_auc": 0.5585613986262634,
    "knn_combined": {
      "auc": 0.5645998606984804,
      "delta": 0.006038462072217032,
      "delong_p": 0.08569830435572577,
      "delong_z": 1.7185392351131559
    },
    "graph_combined": {
      "auc": 0.6078944153993316,
      "delta": 0.04933301677306823,
      "delong_p": 1.7156872178987075e-10,
      "delong_z": 6.384847175652404
    },
    "both_combined": {
      "auc": 0.5795063235163395,
      "delta": 0.020944924890076044,
      "delong_p": 0.0013666164808129242,
      "delong_z": 3.201610500823981
    }
  },
  "F16": {
    "baseline_auc": 0.5726884630661563,
    "knn_combined": {
      "auc": 0.5696428207520006,
      "delta": -0.0030456423141557165,
      "delong_p": 0.295249810990437,
      "delong_z": -1.0466743212522238
    },
    "graph_combined": {
      "auc": 0.6062398504115221,
      "delta": 0.03355138734536578,
      "delong_p": 8.80508813646584e-08,
      "delong_z": 5.349801241613703
    },
    "both_combined": {
      "auc": 0.5874604627856028,
      "delta": 0.014771999719446538,
      "delong_p": 0.0011357543315286395,
      "delong_z": 3.254541829313259
    }
  },
  "config": {
    "best_knn": {
      "feature_set": "F16",
      "k": 3,
      "metric": "euclidean"
    },
    "best_graph_method": "jaccard_max"
  }
}