{
  "n_samples": 38502,
  "reference_baseline": "ge_score_v1",
  "baselines": {
    "random": {
      "auc_roc": 0.5028953345174068,
      "auc_roc_ci": [
        0.49628256179994845,
        0.5095081072348651
      ],
      "auc_roc_se": 0.003373925628031437,
      "auc_pr": 0.255726115023475,
      "brier_score": 0.33242652140437884,
      "log_loss": 1.000514846326722,
      "delong_vs_reference": {
        "auc_a": 0.5028953345174068,
        "auc_b": 0.5188077129545284,
        "z_statistic": -4.381264777228381,
        "p_value": 1.1799237956060392e-05
      }
    },
    "ge_score_v1": {
      "auc_roc": 0.5188077129545284,
      "auc_roc_ci": [
        0.5160624105533439,
        0.521553015355713
      ],
      "auc_roc_se": 0.0014006902284119393,
      "auc_pr": 0.2630542919723921,
      "brier_score": 0.6970904809066002,
      "log_loss": 23.46350677317467
    },
    "ge_score_v2": {
      "auc_roc": 0.5273697344456669,
      "auc_roc_ci": [
        0.5240759014699551,
        0.5306635674213788
      ],
      "auc_roc_se": 0.0016805579090703475,
      "auc_pr": 0.26690142114089377,
      "brier_score": 0.6731956606488685,
      "log_loss": 22.391843243212282,
      "delong_vs_reference": {
        "auc_a": 0.5273697344456669,
        "auc_b": 0.5188077129545284,
        "z_statistic": 9.314121697249004,
        "p_value": 1.2296566745216032e-20
      }
    },
    "account_age_lt_30d": {
      "auc_roc": 0.5009864869285638,
      "auc_roc_ci": [
        0.500433247670897,
        0.5015397261862307
      ],
      "auc_roc_se": 0.0002822701141605911,
      "auc_pr": 0.25637302218269264,
      "brier_score": 0.2555191938081139,
      "log_loss": 8.825320818738431,
      "delong_vs_reference": {
        "auc_a": 0.5009864869285638,
        "auc_b": 0.5188077129545284,
        "z_statistic": -12.403373436257143,
        "p_value": 2.5054901916365064e-35
      }
    },
    "zero_followers": {
      "auc_roc": 0.5,
      "auc_roc_ci": [
        0.5,
        0.5
      ],
      "auc_roc_se": 0.0,
      "auc_pr": 0.25559711183834605,
      "brier_score": 0.25559711183834605,
      "log_loss": 8.828011492969615,
      "delong_vs_reference": {
        "auc_a": 0.5,
        "auc_b": 0.5188077129545284,
        "z_statistic": -13.426942038152232,
        "p_value": 4.2041661558016947e-41
      }
    },
    "zero_repos": {
      "auc_roc": 0.5,
      "auc_roc_ci": [
        0.5,
        0.5
      ],
      "auc_roc_se": 0.0,
      "auc_pr": 0.25559711183834605,
      "brier_score": 0.25559711183834605,
      "log_loss": 8.828011492969615,
      "delong_vs_reference": {
        "auc_a": 0.5,
        "auc_b": 0.5188077129545284,
        "z_statistic": -13.426942038152232,
        "p_value": 4.2041661558016947e-41
      }
    }
  }
}