{
  "n_samples": 200172,
  "reference_baseline": "ge_score_v1",
  "baselines": {
    "random": {
      "auc_roc": 0.4981666258849127,
      "auc_roc_ci": [
        0.4953174682252403,
        0.501015783544585
      ],
      "auc_roc_se": 0.0014536785788647852,
      "auc_pr": 0.26952833171598956,
      "brier_score": 0.3340210115489911,
      "log_loss": 1.0023151684659306,
      "delong_vs_reference": {
        "auc_a": 0.4981666258849127,
        "auc_b": 0.5121899733931969,
        "z_statistic": -8.324600725943915,
        "p_value": 8.461345544270599e-17
      }
    },
    "ge_score_v1": {
      "auc_roc": 0.5121899733931969,
      "auc_roc_ci": [
        0.5105261410505223,
        0.5138538057358716
      ],
      "auc_roc_se": 0.0008489096512990483,
      "auc_pr": 0.2755468850214829,
      "brier_score": 0.6554973217823746,
      "log_loss": 21.562598716553385
    },
    "ge_score_v2": {
      "auc_roc": 0.5329637538009072,
      "auc_roc_ci": [
        0.5308792683720142,
        0.5350482392298003
      ],
      "auc_roc_se": 0.0010635325165845896,
      "auc_pr": 0.28635304714822796,
      "brier_score": 0.5937374228001502,
      "log_loss": 18.519683924532437,
      "delong_vs_reference": {
        "auc_a": 0.5329637538009072,
        "auc_b": 0.5121899733931969,
        "z_statistic": 33.410984531579786,
        "p_value": 9.49565378917859e-245
      }
    },
    "account_age_lt_30d": {
      "auc_roc": 0.5007756008723314,
      "auc_roc_ci": [
        0.5005847043611387,
        0.5009664973835242
      ],
      "auc_roc_se": 9.739796889049715e-05,
      "auc_pr": 0.271207292456821,
      "brier_score": 0.27021261714925165,
      "log_loss": 9.33281337850741,
      "delong_vs_reference": {
        "auc_a": 0.5007756008723314,
        "auc_b": 0.5121899733931969,
        "z_statistic": -13.325642322376606,
        "p_value": 1.6421333392441405e-40
      }
    },
    "zero_followers": {
      "auc_roc": 0.5,
      "auc_roc_ci": [
        0.5,
        0.5
      ],
      "auc_roc_se": 0.0,
      "auc_pr": 0.27046240233399277,
      "brier_score": 0.27046240233399277,
      "log_loss": 9.341440437444145,
      "delong_vs_reference": {
        "auc_a": 0.5,
        "auc_b": 0.5121899733931969,
        "z_statistic": -14.359457720652374,
        "p_value": 9.295160078503743e-47
      }
    },
    "zero_repos": {
      "auc_roc": 0.5,
      "auc_roc_ci": [
        0.5,
        0.5
      ],
      "auc_roc_se": 0.0,
      "auc_pr": 0.27046240233399277,
      "brier_score": 0.27046240233399277,
      "log_loss": 9.341440437444145,
      "delong_vs_reference": {
        "auc_a": 0.5,
        "auc_b": 0.5121899733931969,
        "z_statistic": -14.359457720652374,
        "p_value": 9.295160078503743e-47
      }
    }
  }
}