{
  "n_samples": 200172,
  "H1": {
    "hypothesis": "Burstiness",
    "features": [
      "burst_count_1h",
      "burst_repos_1h",
      "burst_count_24h",
      "burst_repos_24h",
      "burst_max_rate"
    ],
    "n_samples": 200172,
    "auc_roc": 0.4831900277213807,
    "auc_roc_ci_lower": 0.48039347834770907,
    "auc_roc_ci_upper": 0.48598657709505233,
    "auc_roc_se": 0.0014268371234014887,
    "auc_pr": 0.26309701294992116,
    "brier_score": 0.19745130678851255,
    "log_loss": 0.5840809922333954,
    "mann_whitney": {
      "u_statistic": 3820139298.0,
      "p_value": 4.5495162440197405e-32
    }
  },
  "H2": {
    "hypothesis": "Engagement",
    "features": [
      "review_response_rate",
      "ci_failure_followup_rate",
      "avg_response_latency_hours",
      "abandoned_pr_rate"
    ],
    "n_samples": 200172,
    "auc_roc": 0.4812234021818477,
    "auc_roc_ci_lower": 0.4784219069305148,
    "auc_roc_ci_upper": 0.48402489743318067,
    "auc_roc_se": 0.0014293605767405815,
    "auc_pr": 0.2630229850516195,
    "brier_score": 0.19747288987452183,
    "log_loss": 0.5841626237913026,
    "mann_whitney": {
      "u_statistic": 3804590998.0,
      "p_value": 1.4339692688938677e-39
    }
  },
  "H3": {
    "hypothesis": "Cross-repo fingerprinting",
    "features": [
      "max_title_similarity",
      "language_entropy",
      "topic_coherence",
      "duplicate_title_count"
    ],
    "n_samples": 200172,
    "auc_roc": 0.5030772426656015,
    "auc_roc_ci_lower": 0.5002923223322008,
    "auc_roc_ci_upper": 0.5058621629990022,
    "auc_roc_se": 0.0014209038305641347,
    "auc_pr": 0.2708252421917207,
    "brier_score": 0.19736359361438208,
    "log_loss": 0.583948269040435,
    "mann_whitney": {
      "u_statistic": 3977369222.0,
      "p_value": 0.03234460583191938
    }
  },
  "H6": {
    "hypothesis": "Interaction (burstiness x novelty)",
    "features": [
      "burst_no_prior_merge",
      "burst_first_time_repo",
      "burst_low_ge",
      "burst_new_account"
    ],
    "n_samples": 200172,
    "auc_roc": 0.48018285169548824,
    "auc_roc_ci_lower": 0.4773758923898425,
    "auc_roc_ci_upper": 0.482989811001134,
    "auc_roc_se": 0.0014321484107803245,
    "auc_pr": 0.26456822872826063,
    "brier_score": 0.19721560068583774,
    "log_loss": 0.5836056649057045,
    "mann_whitney": {
      "u_statistic": 3796364322.0,
      "p_value": 4.700160887186137e-44
    }
  },
  "H7": {
    "hypothesis": "Burst content homogeneity",
    "features": [
      "burst_title_embedding_sim",
      "burst_size_cv",
      "burst_file_pattern_entropy"
    ],
    "n_samples": 200172,
    "auc_roc": 0.47931460864832187,
    "auc_roc_ci_lower": 0.47651251674770595,
    "auc_roc_ci_upper": 0.4821167005489378,
    "auc_roc_se": 0.0014296649952338294,
    "auc_pr": 0.26210530018598593,
    "brier_score": 0.1974501381464893,
    "log_loss": 0.5840785929171519,
    "mann_whitney": {
      "u_statistic": 3789499922.5,
      "p_value": 7.930195651929788e-48
    }
  },
  "h1_sweep": {
    "sweep_configs": [
      {
        "config": "burst_count_1h_ge_1",
        "column": "burst_count_1h",
        "threshold": 1,
        "auc_roc": 0.4787347954337263,
        "auc_roc_ci": [
          0.47593298954045354,
          0.4815366013269991
        ],
        "mann_whitney_p": 0.21713220035587444
      },
      {
        "config": "burst_count_1h_ge_2",
        "column": "burst_count_1h",
        "threshold": 2,
        "auc_roc": 0.4786428397558149,
        "auc_roc_ci": [
          0.4758420090048155,
          0.4814436705068143
        ],
        "mann_whitney_p": 0.06187070767465859
      },
      {
        "config": "burst_count_1h_ge_3",
        "column": "burst_count_1h",
        "threshold": 3,
        "auc_roc": 0.47858693651840967,
        "auc_roc_ci": [
          0.4757866617540839,
          0.4813872112827354
        ],
        "mann_whitney_p": 0.2901996937846628
      },
      {
        "config": "burst_count_1h_ge_5",
        "column": "burst_count_1h",
        "threshold": 5,
        "auc_roc": 0.47858235023831786,
        "auc_roc_ci": [
          0.475782034154626,
          0.4813826663220097
        ],
        "mann_whitney_p": 0.4649122612400529
      },
      {
        "config": "burst_count_1h_ge_7",
        "column": "burst_count_1h",
        "threshold": 7,
        "auc_roc": 0.4785958189221782,
        "auc_roc_ci": [
          0.4757955242706853,
          0.48139611357367107
        ],
        "mann_whitney_p": 0.5426133864508667
      },
      {
        "config": "burst_repos_1h_ge_1",
        "column": "burst_repos_1h",
        "threshold": 1,
        "auc_roc": 0.4787347954337263,
        "auc_roc_ci": [
          0.47593298954045354,
          0.4815366013269991
        ],
        "mann_whitney_p": 0.21713220035587444
      },
      {
        "config": "burst_repos_1h_ge_2",
        "column": "burst_repos_1h",
        "threshold": 2,
        "auc_roc": 0.47872884431806506,
        "auc_roc_ci": [
          0.475927905650263,
          0.4815297829858671
        ],
        "mann_whitney_p": 2.3318285907445027e-05
      },
      {
        "config": "burst_repos_1h_ge_3",
        "column": "burst_repos_1h",
        "threshold": 3,
        "auc_roc": 0.47865413517571564,
        "auc_roc_ci": [
          0.4758536596137405,
          0.4814546107376908
        ],
        "mann_whitney_p": 0.00629360686070557
      },
      {
        "config": "burst_count_24h_ge_1",
        "column": "burst_count_24h",
        "threshold": 1,
        "auc_roc": 0.4810615722477962,
        "auc_roc_ci": [
          0.4782657221607081,
          0.4838574223348843
        ],
        "mann_whitney_p": 1.3724923652159205e-05
      },
      {
        "config": "burst_count_24h_ge_2",
        "column": "burst_count_24h",
        "threshold": 2,
        "auc_roc": 0.4784438388118343,
        "auc_roc_ci": [
          0.47564430716544276,
          0.4812433704582258
        ],
        "mann_whitney_p": 0.4623284532304984
      },
      {
        "config": "burst_count_24h_ge_3",
        "column": "burst_count_24h",
        "threshold": 3,
        "auc_roc": 0.4784534543854631,
        "auc_roc_ci": [
          0.4756531849355115,
          0.4812537238354147
        ],
        "mann_whitney_p": 0.5360035666820473
      },
      {
        "config": "burst_count_24h_ge_5",
        "column": "burst_count_24h",
        "threshold": 5,
        "auc_roc": 0.47880233357656765,
        "auc_roc_ci": [
          0.4760013229422928,
          0.4816033442108425
        ],
        "mann_whitney_p": 0.016816067281139952
      },
      {
        "config": "burst_count_24h_ge_7",
        "column": "burst_count_24h",
        "threshold": 7,
        "auc_roc": 0.47878288784763684,
        "auc_roc_ci": [
          0.47598202623462676,
          0.4815837494606469
        ],
        "mann_whitney_p": 2.195608443242084e-05
      },
      {
        "config": "burst_count_24h_ge_10",
        "column": "burst_count_24h",
        "threshold": 10,
        "auc_roc": 0.47872789827407813,
        "auc_roc_ci": [
          0.47592739193103656,
          0.4815284046171197
        ],
        "mann_whitney_p": 0.0019023401457242451
      },
      {
        "config": "burst_repos_24h_ge_1",
        "column": "burst_repos_24h",
        "threshold": 1,
        "auc_roc": 0.4810615722477962,
        "auc_roc_ci": [
          0.4782657221607081,
          0.4838574223348843
        ],
        "mann_whitney_p": 1.3724923652159205e-05
      },
      {
        "config": "burst_repos_24h_ge_2",
        "column": "burst_repos_24h",
        "threshold": 2,
        "auc_roc": 0.4789674641979462,
        "auc_roc_ci": [
          0.4761655861293044,
          0.4817693422665881
        ],
        "mann_whitney_p": 9.63618266752012e-06
      },
      {
        "config": "burst_repos_24h_ge_3",
        "column": "burst_repos_24h",
        "threshold": 3,
        "auc_roc": 0.47877171878617486,